{"chunk_definitions":[{"row":41,"row_count":1,"visible":true,"expansion_state":0,"options":{"engine":"r","label":"Create a DNAStringSet object"},"document_id":"F4341FF9","chunk_id":"cky1t9h3a3nnx","chunk_label":"Create a DNAStringSet object"},{"row":57,"row_count":1,"visible":true,"expansion_state":0,"options":{"engine":"r","label":"View the alignement in a browser"},"document_id":"F4341FF9","chunk_id":"ctyij5dpi6rvr","chunk_label":"View the alignement in a browser"},{"row":61,"row_count":1,"visible":true,"expansion_state":0,"options":{"engine":"r","label":"Write the alignment to a new FASTA file"},"document_id":"F4341FF9","chunk_id":"c0y47po9nz9up","chunk_label":"Write the alignment to a new FASTA file"},{"row":65,"row_count":1,"visible":true,"expansion_state":0,"options":{"engine":"r","label":"Read the aligned data"},"document_id":"F4341FF9","chunk_id":"coiet0ucpwg8q","chunk_label":"Read the aligned data"},{"row":88,"row_count":1,"visible":true,"expansion_state":0,"options":{"engine":"r","label":"unnamed-chunk-2"},"document_id":"F4341FF9","chunk_id":"c6htt8rbqd2lm","chunk_label":"unnamed-chunk-2"}],"doc_write_time":1682663733,"chunk_rendered_width":400}